{
  "timestamp": "2026-01-08T08:10:09.786Z",
  "runtime_ms": 300104,
  "generations": 3671,
  "results": {
    "alpha": {
      "eigenstate": 137.5,
      "clamp": null,
      "topN": [
        137.5,
        137.5,
        137.5,
        137.5,
        137.5,
        137.5,
        137.5,
        137.5,
        137.5,
        137.5
      ]
    },
    "proton_electron": {
      "eigenstate": 1836.8579509157287,
      "clamp": null,
      "topN": [
        1836.987806155457,
        1835.515299087602,
        1837.9833465042416,
        1836.9876508405075,
        1835.5152507416608,
        1836.8262125730869,
        1837.9832346765531,
        1837.1393028053546,
        1835.5333889619048,
        1836.9876936160758
      ]
    },
    "weinberg": {
      "eigenstate": 0.24,
      "clamp": null,
      "topN": [
        0.24,
        0.24,
        0.24,
        0.24,
        0.24,
        0.24,
        0.24,
        0.24,
        0.24,
        0.24
      ]
    },
    "muon_electron": {
      "eigenstate": 208.00000000000003,
      "clamp": null,
      "topN": [
        208,
        208,
        208,
        208,
        208,
        208,
        208,
        208,
        208,
        208
      ]
    },
    "rydberg_mantissa": {
      "eigenstate": 1.0874077188725617,
      "clamp": null,
      "topN": [
        1.0863982866412103,
        1.1082233715528482,
        1.085411601716924,
        1.1030452712040884,
        1.0834564566179088,
        1.082906863388766,
        1.0890668791020621,
        1.085410894645703,
        1.1026341751690296,
        1.0829084514478895
      ]
    }
  }
}